{
  "usuarios": [
    {
      "id": 1,
      "login": "admin",
      "senha": "123",
      "nome": "Administrador do Sistema",
      "email": "admin@abc.com"
    },
    {
      "id": 2,
      "login": "user",
      "senha": "123",
      "nome": "Usuario Comum",
      "email": "user@abc.com"
    },
    {
      "login": "rommel",
      "senha": "123",
      "nome": "Rommel",
      "email": "rommel@gmail.com",
      "id": 3
    },
    {
      "login": "alexia",
      "senha": "123",
      "nome": "Aléxia Pereira Quaresma",
      "email": "alexia@gmail.com",
      "id": 4
    },
    {
      "login": "deignaura",
      "senha": "123",
      "nome": "Deignaura Gonçalves",
      "email": "deignura@gmaiç.com",
      "id": 5
    }
  ],

  "psicologos": [
    {
      "id": 1,
      "descricao": "Especialista em terapia cognitivo-comportamental",
      "endereco": "Rua Alagoas, 1314, Savassi",
      "favorito": true,
      "cidade": "Belo Horizonte",
      "lat": -19.9350,
      "long": -43.9336,
      "url": "https://exemplo.com/psicologo1",
      "cor": "#FF5733"
    },
    {
      "id": 2,
      "descricao": "Atendimento infantil e de adolescentes",
      "endereco": "Av. do Contorno, 6523, Funcionários",
      "favorito": false,
      "cidade": "Belo Horizonte",
      "lat": -19.9336,
      "long": -43.9267,
      "url": "https://exemplo.com/psicologo2",
      "cor": "#33FF57"
    },
    {
      "id": 3,
      "descricao": "Psicanálise e terapia breve",
      "endereco": "Rua Paraíba, 1187, Savassi",
      "favorito": true,
      "cidade": "Belo Horizonte",
      "lat": -19.9375,
      "long": -43.9342,
      "url": "https://exemplo.com/psicologo3",
      "cor": "#5733FF"
    },
    {
      "id": 4,
      "descricao": "Terapia focada em ansiedade e depressão",
      "endereco": "Av. Afonso Pena, 3926, Cruzeiro",
      "favorito": false,
      "cidade": "Belo Horizonte",
      "lat": -19.9381,
      "long": -43.9245,
      "url": "https://exemplo.com/psicologo4",
      "cor": "#33C4FF"
    },
    {
      "id": 5,
      "descricao": "Terapia familiar e de casais",
      "endereco": "Rua Levindo Lopes, 358, Funcionários",
      "favorito": true,
      "cidade": "Belo Horizonte",
      "lat": -19.9370,
      "long": -43.9311,
      "url": "https://exemplo.com/psicologo5",
      "cor": "#FF33A5"
    },
    {
      "id": 6,
      "descricao": "Psicoterapia humanista e existencial",
      "endereco": "Rua Rio Grande do Norte, 1054, Savassi",
      "favorito": false,
      "cidade": "Belo Horizonte",
      "lat": -19.9363,
      "long": -43.9340,
      "url": "https://exemplo.com/psicologo6",
      "cor": "#FFC233"
    },
    {
      "id": 7,
      "descricao": "Terapia ocupacional e de desenvolvimento pessoal",
      "endereco": "Rua Fernandes Tourinho, 480, Funcionários",
      "favorito": true,
      "cidade": "Belo Horizonte",
      "lat": -19.9339,
      "long": -43.9304,
      "url": "https://exemplo.com/psicologo7",
      "cor": "#8D33FF"
    },
    {
      "id": 8,
      "descricao": "Terapia para controle do estresse e burnout",
      "endereco": "Rua Maranhão, 812, Funcionários",
      "favorito": false,
      "cidade": "Belo Horizonte",
      "lat": -19.9325,
      "long": -43.9285,
      "url": "https://exemplo.com/psicologo8",
      "cor": "#FF5733"
    },
    {
      "id": 9,
      "descricao": "Psicoterapia de orientação jungiana",
      "endereco": "Rua Sergipe, 1420, Savassi",
      "favorito": true,
      "cidade": "Belo Horizonte",
      "lat": -19.9368,
      "long": -43.9349,
      "url": "https://exemplo.com/psicologo9",
      "cor": "#33FFBD"
    },
    {
      "id": 10,
      "descricao": "Psicoterapia integrativa e mindfulness",
      "endereco": "Av. Brasil, 1580, Santa Efigênia",
      "favorito": false,
      "cidade": "Belo Horizonte",
      "lat": -19.9243,
      "long": -43.9207,
      "url": "https://exemplo.com/psicologo10",
      "cor": "#FF33E2"
    }
  ],

  "artigos": [
    {
      "id": 1,
      "nome": "Saúde Mental, Adoecimento e Trabalho Docente",
      "data_publicacao": "2023",
      "autor": "Fernandes, R.",
      "resumo": "Reflexão sobre o adoecimento de professores e suas condições de trabalho no Brasil.",
      "referencia": "SciELO",
      "url": "https://www.scielo.br/j/cps/article/view/236491"
    },
    {
      "id": 2,
      "nome": "Saúde Mental na Universidade: Ações e Intervenções Voltadas para os Estudantes",
      "data_publicacao": "2023",
      "autor": "Silva, T. & Gomes, L.",
      "resumo": "Análise das intervenções em saúde mental nas universidades brasileiras, com foco na Ufal.",
      "referencia": "SciELO",
      "url": "https://www.scielo.br/j/rpe/article/view/202226"
    },
    {
      "id": 3,
      "nome": "Transtornos Mentais na Adolescência: Uma Revisão",
      "data_publicacao": "2023",
      "autor": "Lima, R., & Souza, A.",
      "resumo": "Revisão sobre a prevalência de transtornos mentais em adolescentes e fatores de risco.",
      "referencia": "Revista Brasileira de Terapias Cognitivas",
      "url": "https://www.scielo.br/j/rbtc/article/view/202309"
    },
    {
      "id": 4,
      "nome": "Saúde Mental e Adoecimento: Uma Análise da População Brasileira",
      "data_publicacao": "2023",
      "autor": "Santos, M. A.",
      "resumo": "Estudo sobre o impacto das condições sociais na saúde mental da população.",
      "referencia": "Revista Brasileira de Saúde Pública",
      "url": "https://www.scielo.br/j/rbsp/article/view/202310"
    },
    {
      "id": 5,
      "nome": "A Importância da Psicologia na Promoção da Saúde Mental",
      "data_publicacao": "2023",
      "autor": "Carvalho, J. P.",
      "resumo": "Discussão sobre o papel da psicologia na prevenção e promoção da saúde mental.",
      "referencia": "Psicologia em Revista",
      "url": "https://www.scielo.br/j/psicorev/article/view/202311"
    },
    {
      "id": 6,
      "nome": "Trabalho e Saúde Mental: Desafios para os Profissionais da Saúde",
      "data_publicacao": "2023",
      "autor": "Alves, F. & Pereira, R.",
      "resumo": "Análise dos desafios enfrentados por profissionais de saúde em relação à sua saúde mental.",
      "referencia": "Cadernos de Saúde Pública",
      "url": "https://www.scielo.br/j/csp/article/view/202312"
    },
    {
      "id": 7,
      "nome": "O Impacto da Pandemia na Saúde Mental dos Jovens",
      "data_publicacao": "2023",
      "autor": "Oliveira, T.",
      "resumo": "Estudo sobre como a pandemia afetou a saúde mental dos jovens no Brasil.",
      "referencia": "Revista Brasileira de Saúde Mental",
      "url": "https://www.scielo.br/j/rbsm/article/view/202313"
    },
    {
      "id": 8,
      "nome": "Saúde Mental e a Importância da Escuta Ativa",
      "data_publicacao": "2023",
      "autor": "Almeida, R.",
      "resumo": "Reflexão sobre a escuta ativa e sua relevância na promoção da saúde mental.",
      "referencia": "Psicologia e Saúde",
      "url": "https://www.scielo.br/j/psaude/article/view/202314"
    },
    {
      "id": 9,
      "nome": "Políticas Públicas de Saúde Mental no Brasil: Avanços e Desafios",
      "data_publicacao": "2023",
      "autor": "Ribeiro, L. & Silva, P.",
      "resumo": "Análise crítica das políticas públicas relacionadas à saúde mental no Brasil.",
      "referencia": "Cadernos de Saúde Coletiva",
      "url": "https://www.scielo.br/j/csc/article/view/202315"
    },
    {
      "id": 10,
      "nome": "A Relação entre Saúde Mental e Educação",
      "data_publicacao": "2023",
      "autor": "Torres, M.",
      "resumo": "Estudo sobre como a saúde mental impacta o desempenho educacional.",
      "referencia": "Revista Brasileira de Educação",
      "url": "https://www.scielo.br/j/rbe/article/view/202316"
    },
    {
      "id": 11,
      "nome": "The Role of Mental Health in the Workplace",
      "data_publicacao": "2023",
      "autor": "Smith, J. & Lee, T.",
      "resumo": "Examines how workplace environments affect mental health.",
      "referencia": "Journal of Occupational Health Psychology",
      "url": "https://www.apa.org/pubs/journals/ocp"
    },
    {
      "id": 12,
      "nome": "The Impact of Social Media on Mental Health",
      "data_publicacao": "2023",
      "autor": "Brown, A. & Johnson, R.",
      "resumo": "Analyzes the correlation between social media usage and mental health issues.",
      "referencia": "Psychology of Popular Media Culture",
      "url": "https://www.apa.org/pubs/journals/ppm"
    },
    {
      "id": 13,
      "nome": "Mindfulness and Mental Health: A Review of the Literature",
      "data_publicacao": "2023",
      "autor": "Garcia, M. & White, L.",
      "resumo": "Reviews the benefits of mindfulness practices on mental health.",
      "referencia": "Journal of Clinical Psychology",
      "url": "https://onlinelibrary.wiley.com/journal/10974679"
    },
    {
      "id": 14,
      "nome": "Coping Strategies for Anxiety and Depression",
      "data_publicacao": "2023",
      "autor": "Kim, S. & Park, J.",
      "resumo": "Discusses effective coping strategies for managing anxiety and depression.",
      "referencia": "Journal of Affective Disorders",
      "url": "https://www.journals.elsevier.com/journal-of-affective-disorders"
    },
    {
      "id": 15,
      "nome": "Trauma and Mental Health: Understanding the Link",
      "data_publicacao": "2023",
      "autor": "Williams, R. & Davis, H.",
      "resumo": "Explores the connection between trauma exposure and mental health outcomes.",
      "referencia": "American Journal of Psychiatry",
      "url": "https://ajp.psychiatryonline.org"
    },
    {
      "id": 16,
      "nome": "The Effects of Exercise on Mental Health",
      "data_publicacao": "2023",
      "autor": "Taylor, J. & Thompson, R.",
      "resumo": "Investigates how physical activity can improve mental health.",
      "referencia": "Psychosomatic Medicine",
      "url": "https://journals.lww.com/psychosomaticmedicine/pages/default.aspx"
    },
    {
      "id": 17,
      "nome": "Mental Health Stigma: A Global Perspective",
      "data_publicacao": "2023",
      "autor": "Nguyen, T. & Patel, K.",
      "resumo": "Discusses the impact of stigma on mental health globally.",
      "referencia": "World Psychiatry",
      "url": "https://onlinelibrary.wiley.com/journal/20515545"
    },
    {
      "id": 18,
      "nome": "Children's Mental Health: An Overview",
      "data_publicacao": "2023",
      "autor": "Jones, M. & Smith, L.",
      "resumo": "Overview of key issues in children's mental health.",
      "referencia": "Journal of Child Psychology and Psychiatry",
      "url": "https://acamh.onlinelibrary.wiley.com/journal/14697610"
    },
    {
      "id": 19,
      "nome": "Digital Mental Health Interventions: A Systematic Review",
      "data_publicacao": "2023",
      "autor": "Davis, P. & Moore, R.",
      "resumo": "A review of the effectiveness of digital interventions for mental health.",
      "referencia": "BMC Psychiatry",
      "url": "https://bmcpsychiatry.biomedcentral.com"
    },
    {
      "id": 20,
      "nome": "The Importance of Therapy in Mental Health Recovery",
      "data_publicacao": "2023",
      "autor": "White, A. & Brown, K.",
      "resumo": "Examines the role of therapy in the recovery process for mental health conditions.",
      "referencia": "Journal of Mental Health",
      "url": "https://www.tandfonline.com/toc/ijmh20/current"
    }
  ]
}